repeat,client,auc
000,centralized,0.9334165626300458
000,federated (aggregate),0.9078235538909697
000,PRJEB10878,0.9201183431952663
000,PRJEB6070,0.6875
000,PRJEB7774,0.8481781376518218
000,PRJNA429097,1.0
000,PRJNA731589,0.9834558823529411
001,centralized,0.9657054871220605
001,federated (aggregate),0.9193029115341546
001,PRJEB10878,0.9821428571428571
001,PRJEB6070,0.8219696969696969
001,PRJEB7774,0.7971014492753622
001,PRJNA429097,0.9973544973544973
001,PRJNA731589,0.9338235294117647
002,centralized,0.9454154529060896
002,federated (aggregate),0.916909418782078
002,PRJEB10878,0.9090909090909091
002,PRJEB6070,0.7376373626373627
002,PRJEB7774,0.8214285714285714
002,PRJNA429097,0.9928571428571428
002,PRJNA731589,0.9852941176470588
003,centralized,0.9638336347197106
003,federated (aggregate),0.8717485046598971
003,PRJEB10878,0.7589285714285715
003,PRJEB6070,0.69875
003,PRJEB7774,0.7145833333333333
003,PRJNA429097,1.0
003,PRJNA731589,0.9944852941176471
004,centralized,0.9264258028792911
004,federated (aggregate),0.8975636766334442
004,PRJEB10878,0.8898809523809523
004,PRJEB6070,0.6716791979949875
004,PRJEB7774,0.80625
004,PRJNA429097,1.0
004,PRJNA731589,0.9774436090225563
005,centralized,0.960561403508772
005,federated (aggregate),0.8893333333333333
005,PRJEB10878,0.9411764705882353
005,PRJEB6070,0.6917293233082706
005,PRJEB7774,0.7202380952380951
005,PRJNA429097,1.0
005,PRJNA731589,0.9705882352941176
006,centralized,0.9574081832146348
006,federated (aggregate),0.8646138807429129
006,PRJEB10878,0.8431372549019607
006,PRJEB6070,0.71625
006,PRJEB7774,0.5960784313725491
006,PRJNA429097,0.993421052631579
006,PRJNA731589,0.981203007518797
007,centralized,0.9627368421052632
007,federated (aggregate),0.8677894736842106
007,PRJEB10878,0.7499999999999999
007,PRJEB6070,0.656010230179028
007,PRJEB7774,0.708502024291498
007,PRJNA429097,1.0
007,PRJNA731589,0.988970588235294
008,centralized,0.9634722222222223
008,federated (aggregate),0.8653472222222222
008,PRJEB10878,0.8151515151515153
008,PRJEB6070,0.7727272727272728
008,PRJEB7774,0.7114285714285715
008,PRJNA429097,1.0
008,PRJNA731589,0.9852941176470589
009,centralized,0.9580564784053156
009,federated (aggregate),0.8838593576965671
009,PRJEB10878,0.978125
009,PRJEB6070,0.768170426065163
009,PRJEB7774,0.7159090909090909
009,PRJNA429097,1.0
009,PRJNA731589,0.9797794117647058
010,centralized,0.9479121825226001
010,federated (aggregate),0.8972592911465059
010,PRJEB10878,0.9097222222222222
010,PRJEB6070,0.7578347578347577
010,PRJEB7774,0.7181818181818181
010,PRJNA429097,1.0
010,PRJNA731589,0.9703703703703703
011,centralized,0.9653679653679654
011,federated (aggregate),0.8971512358609133
011,PRJEB10878,0.8484848484848485
011,PRJEB6070,0.7736572890025575
011,PRJEB7774,0.7333333333333334
011,PRJNA429097,0.9986772486772486
011,PRJNA731589,0.975
012,centralized,0.9728389889680211
012,federated (aggregate),0.9296187683284458
012,PRJEB10878,0.9869281045751634
012,PRJEB6070,0.83875
012,PRJEB7774,0.7979166666666666
012,PRJNA429097,1.0
012,PRJNA731589,0.9833333333333334
013,centralized,0.9367335562987736
013,federated (aggregate),0.8456661092530657
013,PRJEB10878,0.8303571428571429
013,PRJEB6070,0.7380952380952381
013,PRJEB7774,0.6604166666666669
013,PRJNA429097,0.9972222222222222
013,PRJNA731589,0.9518518518518518
014,centralized,0.9771119434040783
014,federated (aggregate),0.868983215425163
014,PRJEB10878,0.7757575757575758
014,PRJEB6070,0.7005012531328321
014,PRJEB7774,0.6477732793522266
014,PRJNA429097,1.0
014,PRJNA731589,0.9779411764705882
015,centralized,0.944536767760698
015,federated (aggregate),0.8858883811106495
015,PRJEB10878,0.9791666666666666
015,PRJEB6070,0.6828644501278772
015,PRJEB7774,0.6313725490196078
015,PRJNA429097,1.0
015,PRJNA731589,1.0
016,centralized,0.9545072788353863
016,federated (aggregate),0.8952967525195968
016,PRJEB10878,0.828125
016,PRJEB6070,0.7225
016,PRJEB7774,0.7965367965367965
016,PRJNA429097,1.0
016,PRJNA731589,0.9740740740740741
017,centralized,0.9606009070294784
017,federated (aggregate),0.9138321995464852
017,PRJEB10878,0.975
017,PRJEB6070,0.7826666666666666
017,PRJEB7774,0.7024291497975709
017,PRJNA429097,1.0
017,PRJNA731589,1.0
018,centralized,0.9575979337064141
018,federated (aggregate),0.8970440522313101
018,PRJEB10878,0.8779761904761905
018,PRJEB6070,0.8235294117647058
018,PRJEB7774,0.7272727272727273
018,PRJNA429097,1.0
018,PRJNA731589,0.9869565217391304
019,centralized,0.9532807308970099
019,federated (aggregate),0.8649640088593576
019,PRJEB10878,0.925
019,PRJEB6070,0.6994884910485932
019,PRJEB7774,0.599609375
019,PRJNA429097,1.0
019,PRJNA731589,0.9833333333333334
020,centralized,0.9711649365628604
020,federated (aggregate),0.9039071510957324
020,PRJEB10878,0.9409722222222222
020,PRJEB6070,0.6346153846153846
020,PRJEB7774,0.8386363636363636
020,PRJNA429097,1.0
020,PRJNA731589,0.9924812030075189
021,centralized,0.9495880463622399
021,federated (aggregate),0.8322161709258484
021,PRJEB10878,0.996969696969697
021,PRJEB6070,0.6879795396419437
021,PRJEB7774,0.307843137254902
021,PRJNA429097,1.0
021,PRJNA731589,0.9814814814814814
022,centralized,0.9637458006718925
022,federated (aggregate),0.8916573348264278
022,PRJEB10878,0.9166666666666666
022,PRJEB6070,0.659846547314578
022,PRJEB7774,0.8647058823529412
022,PRJNA429097,0.9973262032085561
022,PRJNA731589,0.9871323529411765
023,centralized,0.9621754385964912
023,federated (aggregate),0.9473684210526316
023,PRJEB10878,0.9345238095238095
023,PRJEB6070,0.8973333333333333
023,PRJEB7774,0.888671875
023,PRJNA429097,1.0
023,PRJNA731589,0.990079365079365
024,centralized,0.9522676371780515
024,federated (aggregate),0.8716405375139977
024,PRJEB10878,0.8571428571428571
024,PRJEB6070,0.7243107769423559
024,PRJEB7774,0.777327935222672
024,PRJNA429097,0.9972826086956521
024,PRJNA731589,0.9209558823529411
025,centralized,0.9616080122409236
025,federated (aggregate),0.9045764362220059
025,PRJEB10878,0.8968750000000001
025,PRJEB6070,0.7526041666666667
025,PRJEB7774,0.7773279352226721
025,PRJNA429097,0.9946524064171123
025,PRJNA731589,0.9907407407407407
026,centralized,0.9737811791383221
026,federated (aggregate),0.8384353741496599
026,PRJEB10878,0.9875
026,PRJEB6070,0.5831202046035806
026,PRJEB7774,0.58984375
026,PRJNA429097,0.9985207100591716
026,PRJNA731589,0.9653846153846153
027,centralized,0.9503880266075388
027,federated (aggregate),0.9290465631929046
027,PRJEB10878,1.0
027,PRJEB6070,0.7424242424242424
027,PRJEB7774,0.8463203463203463
027,PRJNA429097,0.9986631016042781
027,PRJNA731589,0.9484126984126984
028,centralized,0.9668469968095437
028,federated (aggregate),0.8877098071854626
028,PRJEB10878,0.8
028,PRJEB6070,0.7425
028,PRJEB7774,0.761904761904762
028,PRJNA429097,0.9891304347826086
028,PRJNA731589,0.9920634920634921
029,centralized,0.9512415036759605
029,federated (aggregate),0.9010264946594535
029,PRJEB10878,0.9822485207100591
029,PRJEB6070,0.6591478696741855
029,PRJEB7774,0.7327935222672065
029,PRJNA429097,1.0
029,PRJNA731589,0.9923076923076923
