nclients,data_size,rep,phase,duration_seconds
1,10,0,connect_clients,1.321087
1,10,0,provision_clients,0.183463
1,10,0,reset_clients,0.563739
1,10,0,distribute_credentials,0.066938
1,10,0,distribute_data,0.1464
1,10,0,install_package,4.985165
1,10,0,start_featurecloud_controllers,4.963672
1,10,0,create_and_join_project,7.492985
1,10,0,contribute_data_to_project,15.72479
1,10,0,monitor_project_run,22.893604
1,10,0,post_run_settle_sleep,5.000156
1,10,0,fetch_results,0.212322
1,10,0,cleanup,1.86488
1,10,1,connect_clients,1.051115
1,10,1,provision_clients,0.208708
1,10,1,reset_clients,0.621889
1,10,1,distribute_credentials,0.063053
1,10,1,distribute_data,0.153181
1,10,1,install_package,5.130035
1,10,1,start_featurecloud_controllers,5.056382
1,10,1,create_and_join_project,7.801511
1,10,1,contribute_data_to_project,17.42537
1,10,1,monitor_project_run,23.496446
1,10,1,post_run_settle_sleep,5.000126
1,10,1,fetch_results,0.222968
1,10,1,cleanup,1.865503
1,10,2,connect_clients,1.311455
1,10,2,provision_clients,0.18172
1,10,2,reset_clients,0.553848
1,10,2,distribute_credentials,0.056906
1,10,2,distribute_data,0.155321
1,10,2,install_package,4.465397
1,10,2,start_featurecloud_controllers,4.204813
1,10,2,create_and_join_project,7.801538
1,10,2,contribute_data_to_project,15.316661
1,10,2,monitor_project_run,18.02387
1,10,2,post_run_settle_sleep,5.000239
1,10,2,fetch_results,0.220977
1,10,2,cleanup,2.067272
1,10,3,connect_clients,1.284436
1,10,3,provision_clients,0.198375
1,10,3,reset_clients,0.547945
1,10,3,distribute_credentials,0.067159
1,10,3,distribute_data,0.147158
1,10,3,install_package,4.429638
1,10,3,start_featurecloud_controllers,4.040193
1,10,3,create_and_join_project,8.070724
1,10,3,contribute_data_to_project,17.00492
1,10,3,monitor_project_run,23.600029
1,10,3,post_run_settle_sleep,5.000196
1,10,3,fetch_results,0.237636
1,10,3,cleanup,2.202661
1,10,4,connect_clients,1.211631
1,10,4,provision_clients,0.169664
1,10,4,reset_clients,0.539353
1,10,4,distribute_credentials,0.077205
1,10,4,distribute_data,0.145664
1,10,4,install_package,4.366045
1,10,4,start_featurecloud_controllers,4.26338
1,10,4,create_and_join_project,7.299627
1,10,4,contribute_data_to_project,15.320356
1,10,4,monitor_project_run,23.661528
1,10,4,post_run_settle_sleep,5.000199
1,10,4,fetch_results,0.230251
1,10,4,cleanup,1.878329
1,100,0,connect_clients,1.280746
1,100,0,provision_clients,0.182524
1,100,0,reset_clients,0.570608
1,100,0,distribute_credentials,0.072634
1,100,0,distribute_data,0.145044
1,100,0,install_package,4.632895
1,100,0,start_featurecloud_controllers,4.716198
1,100,0,create_and_join_project,7.845377
1,100,0,contribute_data_to_project,16.045008
1,100,0,monitor_project_run,23.553441
1,100,0,post_run_settle_sleep,5.000292
1,100,0,fetch_results,0.266482
1,100,0,cleanup,4.067196
1,100,1,connect_clients,1.215062
1,100,1,provision_clients,0.181391
1,100,1,reset_clients,0.550177
1,100,1,distribute_credentials,0.06812
1,100,1,distribute_data,0.147205
1,100,1,install_package,8.30466
1,100,1,start_featurecloud_controllers,8.478879
1,100,1,create_and_join_project,7.89522
1,100,1,contribute_data_to_project,16.791008
1,100,1,monitor_project_run,23.809987
1,100,1,post_run_settle_sleep,5.00014
1,100,1,fetch_results,0.250523
1,100,1,cleanup,2.026314
1,100,2,connect_clients,1.304182
1,100,2,provision_clients,0.184147
1,100,2,reset_clients,0.524178
1,100,2,distribute_credentials,0.066748
1,100,2,distribute_data,0.145332
1,100,2,install_package,4.624993
1,100,2,start_featurecloud_controllers,5.496266
1,100,2,create_and_join_project,7.967785
1,100,2,contribute_data_to_project,16.286098
1,100,2,monitor_project_run,17.941751
1,100,2,post_run_settle_sleep,5.000172
1,100,2,fetch_results,0.233848
1,100,2,cleanup,2.067917
1,100,3,connect_clients,1.367307
1,100,3,provision_clients,0.190245
1,100,3,reset_clients,0.560166
1,100,3,distribute_credentials,0.071015
1,100,3,distribute_data,0.146177
1,100,3,install_package,4.573245
1,100,3,start_featurecloud_controllers,5.151801
1,100,3,create_and_join_project,7.419913
1,100,3,contribute_data_to_project,15.447687
1,100,3,monitor_project_run,23.217729
1,100,3,post_run_settle_sleep,5.000203
1,100,3,fetch_results,0.227106
1,100,3,cleanup,1.937699
1,100,4,connect_clients,1.298405
1,100,4,provision_clients,0.18006
1,100,4,reset_clients,0.542903
1,100,4,distribute_credentials,0.07209
1,100,4,distribute_data,0.143196
1,100,4,install_package,4.448003
1,100,4,start_featurecloud_controllers,4.164726
1,100,4,create_and_join_project,7.399334
1,100,4,contribute_data_to_project,15.37902
1,100,4,monitor_project_run,22.780917
1,100,4,post_run_settle_sleep,5.000148
1,100,4,fetch_results,0.224748
1,100,4,cleanup,1.868765
1,1000,0,connect_clients,1.334526
1,1000,0,provision_clients,0.174745
1,1000,0,reset_clients,0.545258
1,1000,0,distribute_credentials,0.064456
1,1000,0,distribute_data,0.157093
1,1000,0,install_package,4.424938
1,1000,0,start_featurecloud_controllers,4.432587
1,1000,0,create_and_join_project,7.723263
1,1000,0,contribute_data_to_project,15.449073
1,1000,0,monitor_project_run,23.630361
1,1000,0,post_run_settle_sleep,5.000187
1,1000,0,fetch_results,0.233994
1,1000,0,cleanup,2.000912
1,1000,1,connect_clients,0.754655
1,1000,1,provision_clients,0.197856
1,1000,1,reset_clients,1.206635
1,1000,1,distribute_credentials,0.084906
1,1000,1,distribute_data,0.146222
1,1000,1,install_package,6.425918
1,1000,1,start_featurecloud_controllers,5.675564
1,1000,1,create_and_join_project,8.044504
1,1000,1,contribute_data_to_project,15.415378
1,1000,1,monitor_project_run,24.099508
1,1000,1,post_run_settle_sleep,5.000119
1,1000,1,fetch_results,0.235197
1,1000,1,cleanup,2.062751
1,1000,2,connect_clients,1.604553
1,1000,2,provision_clients,0.176899
1,1000,2,reset_clients,0.535731
1,1000,2,distribute_credentials,0.062222
1,1000,2,distribute_data,0.152547
1,1000,2,install_package,4.704474
1,1000,2,start_featurecloud_controllers,4.71593
1,1000,2,create_and_join_project,7.907004
1,1000,2,contribute_data_to_project,16.673808
1,1000,2,monitor_project_run,26.057743
1,1000,2,post_run_settle_sleep,5.000118
1,1000,2,fetch_results,0.22697
1,1000,2,cleanup,1.794356
1,1000,3,connect_clients,1.291108
1,1000,3,provision_clients,0.183005
1,1000,3,reset_clients,0.570495
1,1000,3,distribute_credentials,0.069434
1,1000,3,distribute_data,0.142558
1,1000,3,install_package,4.576505
1,1000,3,start_featurecloud_controllers,4.116186
1,1000,3,create_and_join_project,8.110642
1,1000,3,contribute_data_to_project,15.638123
1,1000,3,monitor_project_run,17.952676
1,1000,3,post_run_settle_sleep,5.000127
1,1000,3,fetch_results,0.228881
1,1000,3,cleanup,2.181761
1,1000,4,connect_clients,1.309305
1,1000,4,provision_clients,0.181869
1,1000,4,reset_clients,0.548484
1,1000,4,distribute_credentials,0.069155
1,1000,4,distribute_data,0.138494
1,1000,4,install_package,4.497893
1,1000,4,start_featurecloud_controllers,4.484325
1,1000,4,create_and_join_project,7.67305
1,1000,4,contribute_data_to_project,15.348418
1,1000,4,monitor_project_run,23.317173
1,1000,4,post_run_settle_sleep,5.000184
1,1000,4,fetch_results,0.226979
1,1000,4,cleanup,1.823294
1,10000,0,connect_clients,1.289452
1,10000,0,provision_clients,0.181227
1,10000,0,reset_clients,0.540312
1,10000,0,distribute_credentials,0.072612
1,10000,0,distribute_data,0.166503
1,10000,0,install_package,4.492757
1,10000,0,start_featurecloud_controllers,5.365395
1,10000,0,create_and_join_project,7.675939
1,10000,0,contribute_data_to_project,15.396659
1,10000,0,monitor_project_run,22.945427
1,10000,0,post_run_settle_sleep,5.000127
1,10000,0,fetch_results,0.226331
1,10000,0,cleanup,1.927105
1,10000,1,connect_clients,1.875159
1,10000,1,provision_clients,0.184752
1,10000,1,reset_clients,0.494373
1,10000,1,distribute_credentials,0.066884
1,10000,1,distribute_data,0.171414
1,10000,1,install_package,4.41796
1,10000,1,start_featurecloud_controllers,4.476171
1,10000,1,create_and_join_project,7.990881
1,10000,1,contribute_data_to_project,16.65547
1,10000,1,monitor_project_run,27.424667
1,10000,1,post_run_settle_sleep,5.000134
1,10000,1,fetch_results,0.225958
1,10000,1,cleanup,1.7888
1,10000,2,connect_clients,1.239161
1,10000,2,provision_clients,0.182102
1,10000,2,reset_clients,0.565076
1,10000,2,distribute_credentials,0.067616
1,10000,2,distribute_data,0.163196
1,10000,2,install_package,4.396634
1,10000,2,start_featurecloud_controllers,4.271292
1,10000,2,create_and_join_project,7.976138
1,10000,2,contribute_data_to_project,15.437336
1,10000,2,monitor_project_run,17.968774
1,10000,2,post_run_settle_sleep,5.000189
1,10000,2,fetch_results,0.231928
1,10000,2,cleanup,2.112791
1,10000,3,connect_clients,1.338685
1,10000,3,provision_clients,0.184183
1,10000,3,reset_clients,0.593987
1,10000,3,distribute_credentials,0.070057
1,10000,3,distribute_data,0.166494
1,10000,3,install_package,7.123797
1,10000,3,start_featurecloud_controllers,5.162185
1,10000,3,create_and_join_project,8.844315
1,10000,3,contribute_data_to_project,17.894955
1,10000,3,monitor_project_run,18.02071
1,10000,3,post_run_settle_sleep,5.000188
1,10000,3,fetch_results,0.230506
1,10000,3,cleanup,2.758731
1,10000,4,connect_clients,1.668174
1,10000,4,provision_clients,0.181336
1,10000,4,reset_clients,0.950281
1,10000,4,distribute_credentials,0.074169
1,10000,4,distribute_data,0.160822
1,10000,4,install_package,4.521399
1,10000,4,start_featurecloud_controllers,4.232743
1,10000,4,create_and_join_project,7.820084
1,10000,4,contribute_data_to_project,16.802259
1,10000,4,monitor_project_run,28.521236
1,10000,4,post_run_settle_sleep,5.000185
1,10000,4,fetch_results,0.237799
1,10000,4,cleanup,1.951149
16,10,0,connect_clients,4.855975
16,10,0,provision_clients,0.306144
16,10,0,reset_clients,3.395063
16,10,0,distribute_credentials,0.609706
16,10,0,distribute_data,1.831825
16,10,0,install_package,9.613584
16,10,0,start_featurecloud_controllers,12.484046
16,10,0,create_and_join_project,21.011417
16,10,0,contribute_data_to_project,37.447685
16,10,0,monitor_project_run,18.852079
16,10,0,post_run_settle_sleep,5.000189
16,10,0,fetch_results,4.110086
16,10,0,cleanup,5.513688
16,10,1,connect_clients,3.577537
16,10,1,provision_clients,0.3
16,10,1,reset_clients,1.494477
16,10,1,distribute_credentials,0.658026
16,10,1,distribute_data,1.81405
16,10,1,install_package,11.364435
16,10,1,start_featurecloud_controllers,14.005562
16,10,1,create_and_join_project,21.789882
16,10,1,contribute_data_to_project,37.13435
16,10,1,monitor_project_run,21.471412
16,10,1,post_run_settle_sleep,5.000096
16,10,1,fetch_results,4.188201
16,10,1,cleanup,6.748841
16,10,2,connect_clients,3.507923
16,10,2,provision_clients,0.271906
16,10,2,reset_clients,0.673237
16,10,2,distribute_credentials,0.663365
16,10,2,distribute_data,1.807236
16,10,2,install_package,5.882758
16,10,2,start_featurecloud_controllers,6.859216
16,10,2,create_and_join_project,28.120739
16,10,2,contribute_data_to_project,40.774348
16,10,2,monitor_project_run,28.887547
16,10,2,post_run_settle_sleep,5.000101
16,10,2,fetch_results,3.712747
16,10,2,cleanup,2.362834
16,10,3,connect_clients,3.824882
16,10,3,provision_clients,0.26443
16,10,3,reset_clients,0.732548
16,10,3,distribute_credentials,0.63917
16,10,3,distribute_data,1.838717
16,10,3,install_package,5.908813
16,10,3,start_featurecloud_controllers,6.441843
16,10,3,create_and_join_project,20.454983
16,10,3,contribute_data_to_project,36.893545
16,10,3,monitor_project_run,23.120029
16,10,3,post_run_settle_sleep,5.000183
16,10,3,fetch_results,3.787726
16,10,3,cleanup,2.266433
16,10,4,connect_clients,3.959749
16,10,4,provision_clients,0.266523
16,10,4,reset_clients,0.728576
16,10,4,distribute_credentials,0.654972
16,10,4,distribute_data,1.845803
16,10,4,install_package,6.486611
16,10,4,start_featurecloud_controllers,6.050049
16,10,4,create_and_join_project,21.201338
16,10,4,contribute_data_to_project,36.830154
16,10,4,monitor_project_run,23.109208
16,10,4,post_run_settle_sleep,5.000132
16,10,4,fetch_results,3.692587
16,10,4,cleanup,2.233656
16,100,0,connect_clients,3.169163
16,100,0,provision_clients,0.303817
16,100,0,reset_clients,0.824901
16,100,0,distribute_credentials,0.65171
16,100,0,distribute_data,1.859175
16,100,0,install_package,6.305526
16,100,0,start_featurecloud_controllers,8.311338
16,100,0,create_and_join_project,26.66428
16,100,0,contribute_data_to_project,35.411532
16,100,0,monitor_project_run,23.519431
16,100,0,post_run_settle_sleep,5.000105
16,100,0,fetch_results,3.676124
16,100,0,cleanup,2.244692
16,100,1,connect_clients,5.354021
16,100,1,provision_clients,0.281413
16,100,1,reset_clients,1.397647
16,100,1,distribute_credentials,0.573157
16,100,1,distribute_data,1.849629
16,100,1,install_package,7.073505
16,100,1,start_featurecloud_controllers,8.897456
16,100,1,create_and_join_project,19.425271
16,100,1,contribute_data_to_project,36.063325
16,100,1,monitor_project_run,23.08221
16,100,1,post_run_settle_sleep,5.000194
16,100,1,fetch_results,3.695078
16,100,1,cleanup,2.263658
16,100,2,connect_clients,4.710646
16,100,2,provision_clients,0.298759
16,100,2,reset_clients,1.452897
16,100,2,distribute_credentials,0.63718
16,100,2,distribute_data,1.83923
16,100,2,install_package,9.643586
16,100,2,start_featurecloud_controllers,13.693643
16,100,2,create_and_join_project,20.023635
16,100,2,contribute_data_to_project,35.53674
16,100,2,monitor_project_run,23.09899
16,100,2,post_run_settle_sleep,5.000108
16,100,2,fetch_results,3.876381
16,100,2,cleanup,7.082587
16,100,3,connect_clients,4.222234
16,100,3,provision_clients,0.272399
16,100,3,reset_clients,1.532732
16,100,3,distribute_credentials,0.650942
16,100,3,distribute_data,1.818513
16,100,3,install_package,6.155525
16,100,3,start_featurecloud_controllers,6.858243
16,100,3,create_and_join_project,21.753747
16,100,3,contribute_data_to_project,37.258648
16,100,3,monitor_project_run,23.073866
16,100,3,post_run_settle_sleep,5.000138
16,100,3,fetch_results,3.781796
16,100,3,cleanup,3.017074
16,100,4,connect_clients,4.238666
16,100,4,provision_clients,0.273275
16,100,4,reset_clients,0.67494
16,100,4,distribute_credentials,0.650345
16,100,4,distribute_data,1.829016
16,100,4,install_package,5.520791
16,100,4,start_featurecloud_controllers,6.694237
16,100,4,create_and_join_project,20.354917
16,100,4,contribute_data_to_project,36.489208
16,100,4,monitor_project_run,31.037273
16,100,4,post_run_settle_sleep,5.000125
16,100,4,fetch_results,3.67127
16,100,4,cleanup,2.078727
16,1000,0,connect_clients,5.083768
16,1000,0,provision_clients,0.302594
16,1000,0,reset_clients,3.662872
16,1000,0,distribute_credentials,0.605326
16,1000,0,distribute_data,1.767939
16,1000,0,install_package,9.719115
16,1000,0,start_featurecloud_controllers,14.75067
16,1000,0,create_and_join_project,26.394045
16,1000,0,contribute_data_to_project,37.673987
16,1000,0,monitor_project_run,29.388717
16,1000,0,post_run_settle_sleep,5.000216
16,1000,0,fetch_results,4.343039
16,1000,0,cleanup,6.486309
16,1000,1,connect_clients,3.914615
16,1000,1,provision_clients,0.271392
16,1000,1,reset_clients,1.498253
16,1000,1,distribute_credentials,0.709302
16,1000,1,distribute_data,1.803574
16,1000,1,install_package,9.943191
16,1000,1,start_featurecloud_controllers,10.328074
16,1000,1,create_and_join_project,21.956513
16,1000,1,contribute_data_to_project,36.856324
16,1000,1,monitor_project_run,23.584306
16,1000,1,post_run_settle_sleep,5.000192
16,1000,1,fetch_results,3.747093
16,1000,1,cleanup,4.213614
16,1000,2,connect_clients,5.158418
16,1000,2,provision_clients,0.314374
16,1000,2,reset_clients,1.581223
16,1000,2,distribute_credentials,0.625421
16,1000,2,distribute_data,1.811286
16,1000,2,install_package,10.557177
16,1000,2,start_featurecloud_controllers,16.402044
16,1000,2,create_and_join_project,18.213486
16,1000,2,contribute_data_to_project,35.29929
16,1000,2,monitor_project_run,23.163143
16,1000,2,post_run_settle_sleep,5.000125
16,1000,2,fetch_results,4.721931
16,1000,2,cleanup,7.343278
16,1000,3,connect_clients,4.054108
16,1000,3,provision_clients,0.264057
16,1000,3,reset_clients,0.972702
16,1000,3,distribute_credentials,0.606122
16,1000,3,distribute_data,1.796683
16,1000,3,install_package,5.681524
16,1000,3,start_featurecloud_controllers,6.630768
16,1000,3,create_and_join_project,21.230837
16,1000,3,contribute_data_to_project,36.460478
16,1000,3,monitor_project_run,23.235187
16,1000,3,post_run_settle_sleep,5.000128
16,1000,3,fetch_results,3.742709
16,1000,3,cleanup,4.353613
16,1000,4,connect_clients,3.981323
16,1000,4,provision_clients,0.267822
16,1000,4,reset_clients,1.255135
16,1000,4,distribute_credentials,0.673944
16,1000,4,distribute_data,1.796883
16,1000,4,install_package,6.372372
16,1000,4,start_featurecloud_controllers,6.201914
16,1000,4,create_and_join_project,18.746105
16,1000,4,contribute_data_to_project,36.521182
16,1000,4,monitor_project_run,23.104181
16,1000,4,post_run_settle_sleep,5.000105
16,1000,4,fetch_results,3.798303
16,1000,4,cleanup,2.315606
16,10000,0,connect_clients,4.006381
16,10000,0,provision_clients,0.26507
16,10000,0,reset_clients,0.72689
16,10000,0,distribute_credentials,0.634224
16,10000,0,distribute_data,2.110655
16,10000,0,install_package,5.634724
16,10000,0,start_featurecloud_controllers,6.565247
16,10000,0,create_and_join_project,20.842757
16,10000,0,contribute_data_to_project,36.345163
16,10000,0,monitor_project_run,24.081004
16,10000,0,post_run_settle_sleep,5.000221
16,10000,0,fetch_results,3.666211
16,10000,0,cleanup,2.264763
16,10000,1,connect_clients,4.280192
16,10000,1,provision_clients,0.285495
16,10000,1,reset_clients,0.761567
16,10000,1,distribute_credentials,0.581021
16,10000,1,distribute_data,2.123189
16,10000,1,install_package,6.739755
16,10000,1,start_featurecloud_controllers,6.689144
16,10000,1,create_and_join_project,19.461925
16,10000,1,contribute_data_to_project,34.893452
16,10000,1,monitor_project_run,23.627252
16,10000,1,post_run_settle_sleep,5.000183
16,10000,1,fetch_results,3.673345
16,10000,1,cleanup,3.675156
16,10000,2,connect_clients,3.595716
16,10000,2,provision_clients,0.24478
16,10000,2,reset_clients,0.638539
16,10000,2,distribute_credentials,0.652665
16,10000,2,distribute_data,2.101581
16,10000,2,install_package,6.101647
16,10000,2,start_featurecloud_controllers,6.654699
16,10000,2,create_and_join_project,27.857438
16,10000,2,contribute_data_to_project,43.534201
16,10000,2,monitor_project_run,23.943134
16,10000,2,post_run_settle_sleep,5.000113
16,10000,2,fetch_results,3.681916
16,10000,2,cleanup,2.322189
16,10000,3,connect_clients,4.042369
16,10000,3,provision_clients,0.262178
16,10000,3,reset_clients,1.283844
16,10000,3,distribute_credentials,0.639857
16,10000,3,distribute_data,2.103511
16,10000,3,install_package,7.048573
16,10000,3,start_featurecloud_controllers,9.146995
16,10000,3,create_and_join_project,21.276289
16,10000,3,contribute_data_to_project,37.227842
16,10000,3,monitor_project_run,24.20618
16,10000,3,post_run_settle_sleep,5.000121
16,10000,3,fetch_results,3.641426
16,10000,3,cleanup,2.347734
16,10000,4,connect_clients,3.534528
16,10000,4,provision_clients,0.252038
16,10000,4,reset_clients,0.833254
16,10000,4,distribute_credentials,0.642516
16,10000,4,distribute_data,2.133336
16,10000,4,install_package,5.200796
16,10000,4,start_featurecloud_controllers,6.636574
16,10000,4,create_and_join_project,22.448509
16,10000,4,contribute_data_to_project,37.206788
16,10000,4,monitor_project_run,23.61357
16,10000,4,post_run_settle_sleep,5.000196
16,10000,4,fetch_results,3.789096
16,10000,4,cleanup,2.228896
2,10,0,connect_clients,1.156061
2,10,0,provision_clients,0.203526
2,10,0,reset_clients,0.670942
2,10,0,distribute_credentials,0.101606
2,10,0,distribute_data,0.244226
2,10,0,install_package,6.062084
2,10,0,start_featurecloud_controllers,5.419227
2,10,0,create_and_join_project,13.503029
2,10,0,contribute_data_to_project,19.403998
2,10,0,monitor_project_run,28.36315
2,10,0,post_run_settle_sleep,5.000107
2,10,0,fetch_results,0.455641
2,10,0,cleanup,1.92473
2,10,1,connect_clients,1.591777
2,10,1,provision_clients,0.213254
2,10,1,reset_clients,0.616943
2,10,1,distribute_credentials,0.090865
2,10,1,distribute_data,0.233722
2,10,1,install_package,4.645036
2,10,1,start_featurecloud_controllers,5.267445
2,10,1,create_and_join_project,10.405455
2,10,1,contribute_data_to_project,15.888383
2,10,1,monitor_project_run,28.294051
2,10,1,post_run_settle_sleep,5.000187
2,10,1,fetch_results,0.4599
2,10,1,cleanup,1.958106
2,10,2,connect_clients,1.426806
2,10,2,provision_clients,0.185855
2,10,2,reset_clients,0.546622
2,10,2,distribute_credentials,0.113137
2,10,2,distribute_data,0.227133
2,10,2,install_package,4.668467
2,10,2,start_featurecloud_controllers,4.988258
2,10,2,create_and_join_project,10.857697
2,10,2,contribute_data_to_project,19.18533
2,10,2,monitor_project_run,23.097126
2,10,2,post_run_settle_sleep,5.000227
2,10,2,fetch_results,0.448247
2,10,2,cleanup,2.117388
2,10,3,connect_clients,1.462697
2,10,3,provision_clients,0.185875
2,10,3,reset_clients,0.592302
2,10,3,distribute_credentials,0.104941
2,10,3,distribute_data,0.226323
2,10,3,install_package,4.716916
2,10,3,start_featurecloud_controllers,4.776305
2,10,3,create_and_join_project,10.733113
2,10,3,contribute_data_to_project,15.489537
2,10,3,monitor_project_run,28.153562
2,10,3,post_run_settle_sleep,5.000134
2,10,3,fetch_results,0.463082
2,10,3,cleanup,1.89632
2,10,4,connect_clients,2.2741
2,10,4,provision_clients,0.233048
2,10,4,reset_clients,0.617613
2,10,4,distribute_credentials,0.111814
2,10,4,distribute_data,0.226584
2,10,4,install_package,4.861495
2,10,4,start_featurecloud_controllers,5.205082
2,10,4,create_and_join_project,12.05232
2,10,4,contribute_data_to_project,17.785962
2,10,4,monitor_project_run,28.96518
2,10,4,post_run_settle_sleep,5.000105
2,10,4,fetch_results,0.435148
2,10,4,cleanup,2.053071
2,100,0,connect_clients,1.467053
2,100,0,provision_clients,0.234117
2,100,0,reset_clients,1.295443
2,100,0,distribute_credentials,0.082519
2,100,0,distribute_data,0.228198
2,100,0,install_package,8.744552
2,100,0,start_featurecloud_controllers,11.714159
2,100,0,create_and_join_project,10.549919
2,100,0,contribute_data_to_project,16.356186
2,100,0,monitor_project_run,48.837089
2,100,0,post_run_settle_sleep,5.000184
2,100,0,fetch_results,0.655961
2,100,0,cleanup,4.965643
2,100,1,connect_clients,1.471025
2,100,1,provision_clients,0.338404
2,100,1,reset_clients,1.436294
2,100,1,distribute_credentials,0.114317
2,100,1,distribute_data,0.225142
2,100,1,install_package,9.348895
2,100,1,start_featurecloud_controllers,12.358974
2,100,1,create_and_join_project,12.220625
2,100,1,contribute_data_to_project,16.816913
2,100,1,monitor_project_run,26.193992
2,100,1,post_run_settle_sleep,5.000189
2,100,1,fetch_results,0.626221
2,100,1,cleanup,5.315452
2,100,2,connect_clients,3.165734
2,100,2,provision_clients,0.282321
2,100,2,reset_clients,1.291843
2,100,2,distribute_credentials,0.099845
2,100,2,distribute_data,0.22915
2,100,2,install_package,6.353239
2,100,2,start_featurecloud_controllers,7.356351
2,100,2,create_and_join_project,10.568244
2,100,2,contribute_data_to_project,15.687447
2,100,2,monitor_project_run,28.063794
2,100,2,post_run_settle_sleep,5.000185
2,100,2,fetch_results,0.469963
2,100,2,cleanup,1.969111
2,100,3,connect_clients,1.559694
2,100,3,provision_clients,0.188298
2,100,3,reset_clients,0.577718
2,100,3,distribute_credentials,0.116755
2,100,3,distribute_data,0.227254
2,100,3,install_package,4.502079
2,100,3,start_featurecloud_controllers,4.930431
2,100,3,create_and_join_project,10.744184
2,100,3,contribute_data_to_project,16.26443
2,100,3,monitor_project_run,28.257193
2,100,3,post_run_settle_sleep,5.000129
2,100,3,fetch_results,0.46744
2,100,3,cleanup,2.114988
2,100,4,connect_clients,1.761158
2,100,4,provision_clients,0.212332
2,100,4,reset_clients,0.647633
2,100,4,distribute_credentials,0.108618
2,100,4,distribute_data,0.226668
2,100,4,install_package,4.615341
2,100,4,start_featurecloud_controllers,4.781555
2,100,4,create_and_join_project,10.141352
2,100,4,contribute_data_to_project,15.656367
2,100,4,monitor_project_run,28.339754
2,100,4,post_run_settle_sleep,5.000188
2,100,4,fetch_results,0.467393
2,100,4,cleanup,2.189487
2,1000,0,connect_clients,1.442766
2,1000,0,provision_clients,0.214405
2,1000,0,reset_clients,0.590524
2,1000,0,distribute_credentials,0.085479
2,1000,0,distribute_data,0.221074
2,1000,0,install_package,4.723202
2,1000,0,start_featurecloud_controllers,5.029277
2,1000,0,create_and_join_project,12.593428
2,1000,0,contribute_data_to_project,18.838416
2,1000,0,monitor_project_run,23.321721
2,1000,0,post_run_settle_sleep,5.001113
2,1000,0,fetch_results,0.450981
2,1000,0,cleanup,2.120743
2,1000,1,connect_clients,1.153994
2,1000,1,provision_clients,0.192686
2,1000,1,reset_clients,0.586586
2,1000,1,distribute_credentials,0.112142
2,1000,1,distribute_data,0.232386
2,1000,1,install_package,4.697607
2,1000,1,start_featurecloud_controllers,5.36662
2,1000,1,create_and_join_project,12.416882
2,1000,1,contribute_data_to_project,17.252471
2,1000,1,monitor_project_run,24.930107
2,1000,1,post_run_settle_sleep,5.000195
2,1000,1,fetch_results,0.464846
2,1000,1,cleanup,2.402105
2,1000,2,connect_clients,1.64276
2,1000,2,provision_clients,0.197304
2,1000,2,reset_clients,0.579313
2,1000,2,distribute_credentials,0.104008
2,1000,2,distribute_data,0.231921
2,1000,2,install_package,5.365683
2,1000,2,start_featurecloud_controllers,5.606249
2,1000,2,create_and_join_project,11.14025
2,1000,2,contribute_data_to_project,15.742927
2,1000,2,monitor_project_run,23.425262
2,1000,2,post_run_settle_sleep,5.000122
2,1000,2,fetch_results,0.532315
2,1000,2,cleanup,1.875339
2,1000,3,connect_clients,1.987793
2,1000,3,provision_clients,0.205026
2,1000,3,reset_clients,0.631728
2,1000,3,distribute_credentials,0.106348
2,1000,3,distribute_data,0.21527
2,1000,3,install_package,5.128108
2,1000,3,start_featurecloud_controllers,4.998025
2,1000,3,create_and_join_project,10.635607
2,1000,3,contribute_data_to_project,15.836123
2,1000,3,monitor_project_run,29.086439
2,1000,3,post_run_settle_sleep,5.000188
2,1000,3,fetch_results,0.45715
2,1000,3,cleanup,1.987202
2,1000,4,connect_clients,1.762883
2,1000,4,provision_clients,0.185513
2,1000,4,reset_clients,0.626094
2,1000,4,distribute_credentials,0.110584
2,1000,4,distribute_data,0.231178
2,1000,4,install_package,4.579165
2,1000,4,start_featurecloud_controllers,4.71323
2,1000,4,create_and_join_project,10.474806
2,1000,4,contribute_data_to_project,15.673743
2,1000,4,monitor_project_run,28.71104
2,1000,4,post_run_settle_sleep,5.000195
2,1000,4,fetch_results,0.517566
2,1000,4,cleanup,2.448034
2,10000,0,connect_clients,1.48003
2,10000,0,provision_clients,0.187336
2,10000,0,reset_clients,0.5918
2,10000,0,distribute_credentials,0.107734
2,10000,0,distribute_data,0.26919
2,10000,0,install_package,4.639162
2,10000,0,start_featurecloud_controllers,5.732574
2,10000,0,create_and_join_project,11.029113
2,10000,0,contribute_data_to_project,16.217714
2,10000,0,monitor_project_run,28.356409
2,10000,0,post_run_settle_sleep,5.000566
2,10000,0,fetch_results,0.465928
2,10000,0,cleanup,2.139981
2,10000,1,connect_clients,1.776686
2,10000,1,provision_clients,0.202048
2,10000,1,reset_clients,11.330595
2,10000,1,distribute_credentials,0.107209
2,10000,1,distribute_data,0.262938
2,10000,1,install_package,5.001975
2,10000,1,start_featurecloud_controllers,6.184117
2,10000,1,create_and_join_project,10.886677
2,10000,1,contribute_data_to_project,15.794535
2,10000,1,monitor_project_run,28.576252
2,10000,1,post_run_settle_sleep,5.000147
2,10000,1,fetch_results,0.452624
2,10000,1,cleanup,1.92189
2,10000,2,connect_clients,1.530016
2,10000,2,provision_clients,0.19386
2,10000,2,reset_clients,0.57402
2,10000,2,distribute_credentials,0.115606
2,10000,2,distribute_data,0.263713
2,10000,2,install_package,5.40224
2,10000,2,start_featurecloud_controllers,5.064066
2,10000,2,create_and_join_project,12.081309
2,10000,2,contribute_data_to_project,16.491258
2,10000,2,monitor_project_run,23.23908
2,10000,2,post_run_settle_sleep,5.000129
2,10000,2,fetch_results,0.460181
2,10000,2,cleanup,2.094614
2,10000,3,connect_clients,1.58902
2,10000,3,provision_clients,0.204277
2,10000,3,reset_clients,0.659077
2,10000,3,distribute_credentials,0.1058
2,10000,3,distribute_data,0.263899
2,10000,3,install_package,5.009963
2,10000,3,start_featurecloud_controllers,5.344786
2,10000,3,create_and_join_project,11.273915
2,10000,3,contribute_data_to_project,15.66802
2,10000,3,monitor_project_run,28.973457
2,10000,3,post_run_settle_sleep,5.000195
2,10000,3,fetch_results,0.461196
2,10000,3,cleanup,2.088939
2,10000,4,connect_clients,1.555083
2,10000,4,provision_clients,0.187306
2,10000,4,reset_clients,0.651025
2,10000,4,distribute_credentials,0.074127
2,10000,4,distribute_data,0.268656
2,10000,4,install_package,4.73354
2,10000,4,start_featurecloud_controllers,5.053735
2,10000,4,create_and_join_project,10.184276
2,10000,4,contribute_data_to_project,15.595611
2,10000,4,monitor_project_run,28.68571
2,10000,4,post_run_settle_sleep,5.000183
2,10000,4,fetch_results,0.464277
2,10000,4,cleanup,2.109023
32,10,0,connect_clients,5.923807
32,10,0,provision_clients,0.486571
32,10,0,reset_clients,1.116166
32,10,0,distribute_credentials,1.269065
32,10,0,distribute_data,3.680396
32,10,0,install_package,5.980793
32,10,0,start_featurecloud_controllers,7.030152
32,10,0,create_and_join_project,33.291384
32,10,0,contribute_data_to_project,60.443515
32,10,0,monitor_project_run,23.120468
32,10,0,post_run_settle_sleep,5.000179
32,10,0,fetch_results,7.497739
32,10,0,cleanup,2.572332
32,10,1,connect_clients,6.623192
32,10,1,provision_clients,0.434345
32,10,1,reset_clients,1.221844
32,10,1,distribute_credentials,1.201945
32,10,1,distribute_data,3.671852
32,10,1,install_package,7.047172
32,10,1,start_featurecloud_controllers,8.290712
32,10,1,create_and_join_project,31.367759
32,10,1,contribute_data_to_project,58.418681
32,10,1,monitor_project_run,23.183292
32,10,1,post_run_settle_sleep,5.000178
32,10,1,fetch_results,7.327869
32,10,1,cleanup,2.216151
32,10,2,connect_clients,6.481023
32,10,2,provision_clients,0.466489
32,10,2,reset_clients,1.153941
32,10,2,distribute_credentials,1.270547
32,10,2,distribute_data,3.66548
32,10,2,install_package,7.167841
32,10,2,start_featurecloud_controllers,8.866139
32,10,2,create_and_join_project,32.1835
32,10,2,contribute_data_to_project,59.430254
32,10,2,monitor_project_run,23.194612
32,10,2,post_run_settle_sleep,5.000189
32,10,2,fetch_results,7.686034
32,10,2,cleanup,4.784612
32,10,3,connect_clients,5.964194
32,10,3,provision_clients,0.441919
32,10,3,reset_clients,1.231037
32,10,3,distribute_credentials,1.297303
32,10,3,distribute_data,3.758317
32,10,3,install_package,6.358355
32,10,3,start_featurecloud_controllers,6.970739
32,10,3,create_and_join_project,31.003539
32,10,3,contribute_data_to_project,60.379098
32,10,3,monitor_project_run,23.017709
32,10,3,post_run_settle_sleep,5.000188
32,10,3,fetch_results,7.47983
32,10,3,cleanup,2.418786
32,10,4,connect_clients,5.64856
32,10,4,provision_clients,0.483953
32,10,4,reset_clients,1.094536
32,10,4,distribute_credentials,1.251559
32,10,4,distribute_data,3.676072
32,10,4,install_package,6.116161
32,10,4,start_featurecloud_controllers,6.77593
32,10,4,create_and_join_project,30.720067
32,10,4,contribute_data_to_project,59.031585
32,10,4,monitor_project_run,23.465406
32,10,4,post_run_settle_sleep,5.000137
32,10,4,fetch_results,7.458076
32,10,4,cleanup,2.41232
32,100,0,connect_clients,6.403749
32,100,0,provision_clients,0.468195
32,100,0,reset_clients,1.714902
32,100,0,distribute_credentials,1.178124
32,100,0,distribute_data,3.705477
32,100,0,install_package,9.787549
32,100,0,start_featurecloud_controllers,13.735054
32,100,0,create_and_join_project,29.338867
32,100,0,contribute_data_to_project,56.590932
32,100,0,monitor_project_run,23.205822
32,100,0,post_run_settle_sleep,5.000161
32,100,0,fetch_results,7.648068
32,100,0,cleanup,5.827076
32,100,1,connect_clients,5.677999
32,100,1,provision_clients,0.479389
32,100,1,reset_clients,1.150395
32,100,1,distribute_credentials,1.281077
32,100,1,distribute_data,3.690891
32,100,1,install_package,6.339664
32,100,1,start_featurecloud_controllers,6.602675
32,100,1,create_and_join_project,33.706828
32,100,1,contribute_data_to_project,61.377216
32,100,1,monitor_project_run,23.28625
32,100,1,post_run_settle_sleep,5.000106
32,100,1,fetch_results,7.57003
32,100,1,cleanup,2.37907
32,100,2,connect_clients,6.41338
32,100,2,provision_clients,0.488097
32,100,2,reset_clients,1.365181
32,100,2,distribute_credentials,1.201386
32,100,2,distribute_data,3.678771
32,100,2,install_package,7.313141
32,100,2,start_featurecloud_controllers,9.050313
32,100,2,create_and_join_project,30.927319
32,100,2,contribute_data_to_project,57.763198
32,100,2,monitor_project_run,28.474565
32,100,2,post_run_settle_sleep,5.000188
32,100,2,fetch_results,7.360198
32,100,2,cleanup,3.432023
32,100,3,connect_clients,6.71719
32,100,3,provision_clients,0.488717
32,100,3,reset_clients,1.788565
32,100,3,distribute_credentials,1.224936
32,100,3,distribute_data,3.758712
32,100,3,install_package,7.322224
32,100,3,start_featurecloud_controllers,9.618944
32,100,3,create_and_join_project,34.465568
32,100,3,contribute_data_to_project,63.599034
32,100,3,monitor_project_run,24.010616
32,100,3,post_run_settle_sleep,5.000123
32,100,3,fetch_results,7.534924
32,100,3,cleanup,2.417083
32,100,4,connect_clients,5.919788
32,100,4,provision_clients,0.474749
32,100,4,reset_clients,1.200255
32,100,4,distribute_credentials,1.273315
32,100,4,distribute_data,3.70189
32,100,4,install_package,6.20062
32,100,4,start_featurecloud_controllers,6.870684
32,100,4,create_and_join_project,31.995371
32,100,4,contribute_data_to_project,58.229953
32,100,4,monitor_project_run,29.138226
32,100,4,post_run_settle_sleep,5.000158
32,100,4,fetch_results,7.459852
32,100,4,cleanup,2.409579
32,1000,0,connect_clients,5.588574
32,1000,0,provision_clients,0.477626
32,1000,0,reset_clients,1.16092
32,1000,0,distribute_credentials,1.281634
32,1000,0,distribute_data,3.624462
32,1000,0,install_package,5.730094
32,1000,0,start_featurecloud_controllers,6.803342
32,1000,0,create_and_join_project,31.175779
32,1000,0,contribute_data_to_project,61.301176
32,1000,0,monitor_project_run,23.374296
32,1000,0,post_run_settle_sleep,5.000192
32,1000,0,fetch_results,7.476444
32,1000,0,cleanup,2.516755
32,1000,1,connect_clients,5.728845
32,1000,1,provision_clients,0.48556
32,1000,1,reset_clients,1.210775
32,1000,1,distribute_credentials,1.281585
32,1000,1,distribute_data,3.587435
32,1000,1,install_package,7.50344
32,1000,1,start_featurecloud_controllers,6.942774
32,1000,1,create_and_join_project,33.13393
32,1000,1,contribute_data_to_project,60.189504
32,1000,1,monitor_project_run,23.309811
32,1000,1,post_run_settle_sleep,5.000157
32,1000,1,fetch_results,7.408432
32,1000,1,cleanup,2.317218
32,1000,2,connect_clients,5.909837
32,1000,2,provision_clients,0.425122
32,1000,2,reset_clients,1.123049
32,1000,2,distribute_credentials,1.258241
32,1000,2,distribute_data,3.616425
32,1000,2,install_package,6.412828
32,1000,2,start_featurecloud_controllers,6.920379
32,1000,2,create_and_join_project,31.362132
32,1000,2,contribute_data_to_project,59.031517
32,1000,2,monitor_project_run,28.392857
32,1000,2,post_run_settle_sleep,5.000181
32,1000,2,fetch_results,7.41831
32,1000,2,cleanup,2.540369
32,1000,3,connect_clients,5.809954
32,1000,3,provision_clients,0.459631
32,1000,3,reset_clients,1.175312
32,1000,3,distribute_credentials,1.255409
32,1000,3,distribute_data,3.605581
32,1000,3,install_package,6.724444
32,1000,3,start_featurecloud_controllers,7.695265
32,1000,3,create_and_join_project,32.513992
32,1000,3,contribute_data_to_project,59.104384
32,1000,3,monitor_project_run,28.132536
32,1000,3,post_run_settle_sleep,5.000231
32,1000,3,fetch_results,7.432996
32,1000,3,cleanup,2.379547
32,1000,4,connect_clients,6.68549
32,1000,4,provision_clients,0.476732
32,1000,4,reset_clients,1.967148
32,1000,4,distribute_credentials,1.280714
32,1000,4,distribute_data,3.643032
32,1000,4,install_package,7.192338
32,1000,4,start_featurecloud_controllers,9.23984
32,1000,4,create_and_join_project,32.130762
32,1000,4,contribute_data_to_project,58.529687
32,1000,4,monitor_project_run,28.582158
32,1000,4,post_run_settle_sleep,5.000171
32,1000,4,fetch_results,7.479989
32,1000,4,cleanup,2.442437
32,10000,0,connect_clients,5.899422
32,10000,0,provision_clients,0.434917
32,10000,0,reset_clients,1.161962
32,10000,0,distribute_credentials,1.284361
32,10000,0,distribute_data,4.314759
32,10000,0,install_package,6.11482
32,10000,0,start_featurecloud_controllers,7.196241
32,10000,0,create_and_join_project,30.439982
32,10000,0,contribute_data_to_project,58.303327
32,10000,0,monitor_project_run,23.32079
32,10000,0,post_run_settle_sleep,5.000197
32,10000,0,fetch_results,7.563048
32,10000,0,cleanup,2.571606
32,10000,1,connect_clients,5.537298
32,10000,1,provision_clients,0.484606
32,10000,1,reset_clients,1.094711
32,10000,1,distribute_credentials,1.286545
32,10000,1,distribute_data,4.301039
32,10000,1,install_package,6.009432
32,10000,1,start_featurecloud_controllers,6.946645
32,10000,1,create_and_join_project,32.487695
32,10000,1,contribute_data_to_project,60.999709
32,10000,1,monitor_project_run,23.768507
32,10000,1,post_run_settle_sleep,5.000103
32,10000,1,fetch_results,7.621911
32,10000,1,cleanup,2.724027
32,10000,2,connect_clients,6.567028
32,10000,2,provision_clients,0.424678
32,10000,2,reset_clients,1.203644
32,10000,2,distribute_credentials,1.274702
32,10000,2,distribute_data,4.320902
32,10000,2,install_package,7.737668
32,10000,2,start_featurecloud_controllers,9.124576
32,10000,2,create_and_join_project,31.29035
32,10000,2,contribute_data_to_project,59.391802
32,10000,2,monitor_project_run,28.278134
32,10000,2,post_run_settle_sleep,5.000204
32,10000,2,fetch_results,7.482501
32,10000,2,cleanup,2.673756
32,10000,3,connect_clients,5.724483
32,10000,3,provision_clients,0.490523
32,10000,3,reset_clients,1.143334
32,10000,3,distribute_credentials,1.262114
32,10000,3,distribute_data,4.288826
32,10000,3,install_package,6.564966
32,10000,3,start_featurecloud_controllers,6.831198
32,10000,3,create_and_join_project,31.482094
32,10000,3,contribute_data_to_project,59.244213
32,10000,3,monitor_project_run,28.213031
32,10000,3,post_run_settle_sleep,5.000082
32,10000,3,fetch_results,7.37264
32,10000,3,cleanup,2.462317
32,10000,4,connect_clients,5.469161
32,10000,4,provision_clients,0.489006
32,10000,4,reset_clients,1.174151
32,10000,4,distribute_credentials,1.280813
32,10000,4,distribute_data,4.315793
32,10000,4,install_package,6.033578
32,10000,4,start_featurecloud_controllers,6.699117
32,10000,4,create_and_join_project,31.526793
32,10000,4,contribute_data_to_project,60.659635
32,10000,4,monitor_project_run,23.51933
32,10000,4,post_run_settle_sleep,5.000125
32,10000,4,fetch_results,7.759252
32,10000,4,cleanup,2.282676
4,10,0,connect_clients,1.930776
4,10,0,provision_clients,0.206487
4,10,0,reset_clients,0.622244
4,10,0,distribute_credentials,0.1614
4,10,0,distribute_data,0.454113
4,10,0,install_package,4.790167
4,10,0,start_featurecloud_controllers,5.372837
4,10,0,create_and_join_project,11.623759
4,10,0,contribute_data_to_project,16.509468
4,10,0,monitor_project_run,26.365197
4,10,0,post_run_settle_sleep,5.000113
4,10,0,fetch_results,0.929402
4,10,0,cleanup,2.260202
4,10,1,connect_clients,2.266342
4,10,1,provision_clients,0.21741
4,10,1,reset_clients,0.608012
4,10,1,distribute_credentials,0.174467
4,10,1,distribute_data,0.452233
4,10,1,install_package,5.463154
4,10,1,start_featurecloud_controllers,5.547483
4,10,1,create_and_join_project,13.48077
4,10,1,contribute_data_to_project,16.409933
4,10,1,monitor_project_run,28.119737
4,10,1,post_run_settle_sleep,5.000099
4,10,1,fetch_results,0.896403
4,10,1,cleanup,1.99664
4,10,2,connect_clients,2.512054
4,10,2,provision_clients,0.247835
4,10,2,reset_clients,1.46007
4,10,2,distribute_credentials,0.161452
4,10,2,distribute_data,0.453771
4,10,2,install_package,8.325204
4,10,2,start_featurecloud_controllers,14.474872
4,10,2,create_and_join_project,12.207242
4,10,2,contribute_data_to_project,17.341254
4,10,2,monitor_project_run,28.326504
4,10,2,post_run_settle_sleep,5.000208
4,10,2,fetch_results,1.1372
4,10,2,cleanup,6.140233
4,10,3,connect_clients,1.725188
4,10,3,provision_clients,0.185626
4,10,3,reset_clients,0.605017
4,10,3,distribute_credentials,0.157089
4,10,3,distribute_data,0.450513
4,10,3,install_package,5.047906
4,10,3,start_featurecloud_controllers,5.522649
4,10,3,create_and_join_project,12.804735
4,10,3,contribute_data_to_project,16.64621
4,10,3,monitor_project_run,28.134223
4,10,3,post_run_settle_sleep,5.000109
4,10,3,fetch_results,0.909487
4,10,3,cleanup,1.929557
4,10,4,connect_clients,1.825764
4,10,4,provision_clients,0.200463
4,10,4,reset_clients,0.627389
4,10,4,distribute_credentials,0.163275
4,10,4,distribute_data,0.457102
4,10,4,install_package,5.601377
4,10,4,start_featurecloud_controllers,5.698553
4,10,4,create_and_join_project,12.31964
4,10,4,contribute_data_to_project,16.50336
4,10,4,monitor_project_run,23.151968
4,10,4,post_run_settle_sleep,5.000151
4,10,4,fetch_results,0.911065
4,10,4,cleanup,2.075132
4,100,0,connect_clients,2.279489
4,100,0,provision_clients,0.317189
4,100,0,reset_clients,4.200164
4,100,0,distribute_credentials,0.168582
4,100,0,distribute_data,0.462137
4,100,0,install_package,9.827364
4,100,0,start_featurecloud_controllers,11.461736
4,100,0,create_and_join_project,14.82602
4,100,0,contribute_data_to_project,25.323398
4,100,0,monitor_project_run,23.898507
4,100,0,post_run_settle_sleep,5.000137
4,100,0,fetch_results,1.07426
4,100,0,cleanup,5.575076
4,100,1,connect_clients,2.180369
4,100,1,provision_clients,0.235541
4,100,1,reset_clients,1.590839
4,100,1,distribute_credentials,0.195018
4,100,1,distribute_data,0.456094
4,100,1,install_package,9.590245
4,100,1,start_featurecloud_controllers,12.151331
4,100,1,create_and_join_project,12.130915
4,100,1,contribute_data_to_project,17.529548
4,100,1,monitor_project_run,24.626354
4,100,1,post_run_settle_sleep,5.000188
4,100,1,fetch_results,1.011526
4,100,1,cleanup,5.766456
4,100,2,connect_clients,2.357981
4,100,2,provision_clients,0.222828
4,100,2,reset_clients,0.674124
4,100,2,distribute_credentials,0.160634
4,100,2,distribute_data,0.459008
4,100,2,install_package,5.875212
4,100,2,start_featurecloud_controllers,6.008279
4,100,2,create_and_join_project,12.163911
4,100,2,contribute_data_to_project,16.555583
4,100,2,monitor_project_run,28.30724
4,100,2,post_run_settle_sleep,5.000105
4,100,2,fetch_results,0.953826
4,100,2,cleanup,1.990642
4,100,3,connect_clients,1.738214
4,100,3,provision_clients,0.185486
4,100,3,reset_clients,0.587389
4,100,3,distribute_credentials,0.177647
4,100,3,distribute_data,0.455948
4,100,3,install_package,4.902646
4,100,3,start_featurecloud_controllers,4.941398
4,100,3,create_and_join_project,12.277192
4,100,3,contribute_data_to_project,18.30666
4,100,3,monitor_project_run,28.267488
4,100,3,post_run_settle_sleep,5.000091
4,100,3,fetch_results,0.906231
4,100,3,cleanup,1.979291
4,100,4,connect_clients,1.693815
4,100,4,provision_clients,0.188499
4,100,4,reset_clients,0.602716
4,100,4,distribute_credentials,0.185633
4,100,4,distribute_data,0.463999
4,100,4,install_package,5.754093
4,100,4,start_featurecloud_controllers,5.434178
4,100,4,create_and_join_project,11.739212
4,100,4,contribute_data_to_project,16.284871
4,100,4,monitor_project_run,28.266702
4,100,4,post_run_settle_sleep,5.000192
4,100,4,fetch_results,0.919613
4,100,4,cleanup,1.967686
4,1000,0,connect_clients,2.753482
4,1000,0,provision_clients,0.239202
4,1000,0,reset_clients,0.686083
4,1000,0,distribute_credentials,0.168716
4,1000,0,distribute_data,0.456068
4,1000,0,install_package,4.874988
4,1000,0,start_featurecloud_controllers,6.191817
4,1000,0,create_and_join_project,11.788997
4,1000,0,contribute_data_to_project,16.161923
4,1000,0,monitor_project_run,30.454302
4,1000,0,post_run_settle_sleep,5.000128
4,1000,0,fetch_results,0.932068
4,1000,0,cleanup,1.978884
4,1000,1,connect_clients,1.929696
4,1000,1,provision_clients,0.218241
4,1000,1,reset_clients,0.626727
4,1000,1,distribute_credentials,0.191432
4,1000,1,distribute_data,0.462582
4,1000,1,install_package,5.131108
4,1000,1,start_featurecloud_controllers,5.336107
4,1000,1,create_and_join_project,10.942346
4,1000,1,contribute_data_to_project,16.478022
4,1000,1,monitor_project_run,28.265106
4,1000,1,post_run_settle_sleep,5.000118
4,1000,1,fetch_results,0.884723
4,1000,1,cleanup,1.918791
4,1000,2,connect_clients,1.769318
4,1000,2,provision_clients,0.187172
4,1000,2,reset_clients,0.691203
4,1000,2,distribute_credentials,0.165209
4,1000,2,distribute_data,0.443026
4,1000,2,install_package,4.905837
4,1000,2,start_featurecloud_controllers,6.356142
4,1000,2,create_and_join_project,12.439588
4,1000,2,contribute_data_to_project,17.104418
4,1000,2,monitor_project_run,28.175909
4,1000,2,post_run_settle_sleep,5.000135
4,1000,2,fetch_results,0.918639
4,1000,2,cleanup,4.648133
4,1000,3,connect_clients,1.773521
4,1000,3,provision_clients,0.195427
4,1000,3,reset_clients,0.571486
4,1000,3,distribute_credentials,0.190118
4,1000,3,distribute_data,0.451256
4,1000,3,install_package,5.018916
4,1000,3,start_featurecloud_controllers,5.554051
4,1000,3,create_and_join_project,14.438635
4,1000,3,contribute_data_to_project,19.627962
4,1000,3,monitor_project_run,28.891808
4,1000,3,post_run_settle_sleep,5.000144
4,1000,3,fetch_results,0.906039
4,1000,3,cleanup,2.142346
4,1000,4,connect_clients,1.785135
4,1000,4,provision_clients,0.20854
4,1000,4,reset_clients,0.626932
4,1000,4,distribute_credentials,0.188184
4,1000,4,distribute_data,0.456897
4,1000,4,install_package,4.811103
4,1000,4,start_featurecloud_controllers,5.042057
4,1000,4,create_and_join_project,12.343074
4,1000,4,contribute_data_to_project,16.612186
4,1000,4,monitor_project_run,28.304574
4,1000,4,post_run_settle_sleep,5.000204
4,1000,4,fetch_results,0.918875
4,1000,4,cleanup,3.767326
4,10000,0,connect_clients,2.027688
4,10000,0,provision_clients,0.204632
4,10000,0,reset_clients,0.658747
4,10000,0,distribute_credentials,0.191206
4,10000,0,distribute_data,0.528229
4,10000,0,install_package,4.748107
4,10000,0,start_featurecloud_controllers,5.51118
4,10000,0,create_and_join_project,14.903802
4,10000,0,contribute_data_to_project,16.523891
4,10000,0,monitor_project_run,28.69975
4,10000,0,post_run_settle_sleep,5.000122
4,10000,0,fetch_results,0.911688
4,10000,0,cleanup,1.968655
4,10000,1,connect_clients,2.050045
4,10000,1,provision_clients,0.244364
4,10000,1,reset_clients,0.627335
4,10000,1,distribute_credentials,0.190025
4,10000,1,distribute_data,0.53165
4,10000,1,install_package,5.501272
4,10000,1,start_featurecloud_controllers,6.246371
4,10000,1,create_and_join_project,11.293284
4,10000,1,contribute_data_to_project,16.809365
4,10000,1,monitor_project_run,23.933832
4,10000,1,post_run_settle_sleep,5.000111
4,10000,1,fetch_results,1.071616
4,10000,1,cleanup,4.167989
4,10000,2,connect_clients,2.264359
4,10000,2,provision_clients,0.219014
4,10000,2,reset_clients,0.66943
4,10000,2,distribute_credentials,0.150417
4,10000,2,distribute_data,0.531847
4,10000,2,install_package,5.873099
4,10000,2,start_featurecloud_controllers,6.363819
4,10000,2,create_and_join_project,12.859127
4,10000,2,contribute_data_to_project,21.214729
4,10000,2,monitor_project_run,28.760802
4,10000,2,post_run_settle_sleep,5.000105
4,10000,2,fetch_results,0.916277
4,10000,2,cleanup,2.150812
4,10000,3,connect_clients,1.784848
4,10000,3,provision_clients,0.197836
4,10000,3,reset_clients,0.570701
4,10000,3,distribute_credentials,0.160759
4,10000,3,distribute_data,0.521391
4,10000,3,install_package,4.920956
4,10000,3,start_featurecloud_controllers,5.696342
4,10000,3,create_and_join_project,12.650621
4,10000,3,contribute_data_to_project,16.975955
4,10000,3,monitor_project_run,23.837817
4,10000,3,post_run_settle_sleep,5.000188
4,10000,3,fetch_results,0.922474
4,10000,3,cleanup,2.511705
4,10000,4,connect_clients,1.852193
4,10000,4,provision_clients,0.188925
4,10000,4,reset_clients,0.631947
4,10000,4,distribute_credentials,0.183808
4,10000,4,distribute_data,0.519239
4,10000,4,install_package,4.836518
4,10000,4,start_featurecloud_controllers,5.567572
4,10000,4,create_and_join_project,11.225644
4,10000,4,contribute_data_to_project,17.925416
4,10000,4,monitor_project_run,28.465479
4,10000,4,post_run_settle_sleep,5.000188
4,10000,4,fetch_results,0.906806
4,10000,4,cleanup,2.121179
64,10,0,connect_clients,11.70359
64,10,0,provision_clients,0.908492
64,10,0,reset_clients,3.736427
64,10,0,distribute_credentials,2.510145
64,10,0,distribute_data,7.411759
64,10,0,install_package,12.913306
64,10,0,start_featurecloud_controllers,20.653269
64,10,0,create_and_join_project,57.394519
64,10,0,contribute_data_to_project,122.530437
64,10,0,monitor_project_run,28.471251
64,10,0,post_run_settle_sleep,5.000146
64,10,0,fetch_results,16.755195
64,10,0,cleanup,8.478202
64,10,1,connect_clients,10.542707
64,10,1,provision_clients,0.929777
64,10,1,reset_clients,2.158758
64,10,1,distribute_credentials,2.545508
64,10,1,distribute_data,7.532808
64,10,1,install_package,7.178159
64,10,1,start_featurecloud_controllers,8.322601
64,10,1,create_and_join_project,58.500886
64,10,1,contribute_data_to_project,125.724371
64,10,1,monitor_project_run,24.286285
64,10,1,post_run_settle_sleep,5.000188
64,10,1,fetch_results,15.156636
64,10,1,cleanup,4.602065
64,10,2,connect_clients,10.9455
64,10,2,provision_clients,0.944129
64,10,2,reset_clients,2.173586
64,10,2,distribute_credentials,2.379403
64,10,2,distribute_data,7.554078
64,10,2,install_package,7.225318
64,10,2,start_featurecloud_controllers,8.288556
64,10,2,create_and_join_project,58.481047
64,10,2,contribute_data_to_project,131.02324
64,10,2,monitor_project_run,24.430123
64,10,2,post_run_settle_sleep,5.000132
64,10,2,fetch_results,15.198297
64,10,2,cleanup,5.621011
64,10,3,connect_clients,10.359608
64,10,3,provision_clients,0.916795
64,10,3,reset_clients,2.824309
64,10,3,distribute_credentials,2.600448
64,10,3,distribute_data,7.444322
64,10,3,install_package,9.147689
64,10,3,start_featurecloud_controllers,10.443321
64,10,3,create_and_join_project,59.065578
64,10,3,contribute_data_to_project,123.214996
64,10,3,monitor_project_run,23.843046
64,10,3,post_run_settle_sleep,5.000216
64,10,3,fetch_results,15.412663
64,10,3,cleanup,2.706371
64,10,4,connect_clients,10.321609
64,10,4,provision_clients,0.839808
64,10,4,reset_clients,2.135192
64,10,4,distribute_credentials,2.243963
64,10,4,distribute_data,7.489517
64,10,4,install_package,8.065747
64,10,4,start_featurecloud_controllers,7.817131
64,10,4,create_and_join_project,57.815454
64,10,4,contribute_data_to_project,121.816323
64,10,4,monitor_project_run,23.447038
64,10,4,post_run_settle_sleep,5.000186
64,10,4,fetch_results,14.971839
64,10,4,cleanup,5.454591
64,100,0,connect_clients,10.774911
64,100,0,provision_clients,0.910996
64,100,0,reset_clients,2.315157
64,100,0,distribute_credentials,2.580524
64,100,0,distribute_data,7.538082
64,100,0,install_package,7.463567
64,100,0,start_featurecloud_controllers,8.102041
64,100,0,create_and_join_project,58.494232
64,100,0,contribute_data_to_project,124.847818
64,100,0,monitor_project_run,23.545413
64,100,0,post_run_settle_sleep,5.000259
64,100,0,fetch_results,15.481207
64,100,0,cleanup,5.130875
64,100,1,connect_clients,10.285322
64,100,1,provision_clients,0.922703
64,100,1,reset_clients,2.855688
64,100,1,distribute_credentials,2.559658
64,100,1,distribute_data,7.49021
64,100,1,install_package,7.871709
64,100,1,start_featurecloud_controllers,8.029133
64,100,1,create_and_join_project,56.980684
64,100,1,contribute_data_to_project,121.755527
64,100,1,monitor_project_run,24.380029
64,100,1,post_run_settle_sleep,5.00018
64,100,1,fetch_results,15.153208
64,100,1,cleanup,4.758054
64,100,2,connect_clients,10.709396
64,100,2,provision_clients,0.882242
64,100,2,reset_clients,2.190343
64,100,2,distribute_credentials,2.601768
64,100,2,distribute_data,7.48065
64,100,2,install_package,7.737067
64,100,2,start_featurecloud_controllers,7.964923
64,100,2,create_and_join_project,59.243092
64,100,2,contribute_data_to_project,128.535173
64,100,2,monitor_project_run,24.216588
64,100,2,post_run_settle_sleep,5.000202
64,100,2,fetch_results,15.311675
64,100,2,cleanup,4.211377
64,100,3,connect_clients,10.447148
64,100,3,provision_clients,0.946846
64,100,3,reset_clients,2.215993
64,100,3,distribute_credentials,2.574621
64,100,3,distribute_data,7.543175
64,100,3,install_package,7.459536
64,100,3,start_featurecloud_controllers,8.31906
64,100,3,create_and_join_project,58.542283
64,100,3,contribute_data_to_project,128.416912
64,100,3,monitor_project_run,23.77447
64,100,3,post_run_settle_sleep,5.00011
64,100,3,fetch_results,15.023984
64,100,3,cleanup,2.637679
64,100,4,connect_clients,11.057271
64,100,4,provision_clients,0.90902
64,100,4,reset_clients,3.010612
64,100,4,distribute_credentials,2.345229
64,100,4,distribute_data,7.44726
64,100,4,install_package,8.213926
64,100,4,start_featurecloud_controllers,10.892052
64,100,4,create_and_join_project,57.207479
64,100,4,contribute_data_to_project,124.18561
64,100,4,monitor_project_run,28.785403
64,100,4,post_run_settle_sleep,5.000219
64,100,4,fetch_results,15.001682
64,100,4,cleanup,5.145501
64,1000,0,connect_clients,10.904876
64,1000,0,provision_clients,0.918354
64,1000,0,reset_clients,2.450599
64,1000,0,distribute_credentials,2.57558
64,1000,0,distribute_data,7.443742
64,1000,0,install_package,7.260046
64,1000,0,start_featurecloud_controllers,7.946874
64,1000,0,create_and_join_project,59.821232
64,1000,0,contribute_data_to_project,126.504355
64,1000,0,monitor_project_run,24.882097
64,1000,0,post_run_settle_sleep,5.000199
64,1000,0,fetch_results,15.048391
64,1000,0,cleanup,4.822485
64,1000,1,connect_clients,10.324102
64,1000,1,provision_clients,0.92973
64,1000,1,reset_clients,2.154542
64,1000,1,distribute_credentials,2.318288
64,1000,1,distribute_data,7.55981
64,1000,1,install_package,7.771908
64,1000,1,start_featurecloud_controllers,8.254667
64,1000,1,create_and_join_project,56.869046
64,1000,1,contribute_data_to_project,118.121605
64,1000,1,monitor_project_run,24.508344
64,1000,1,post_run_settle_sleep,5.000114
64,1000,1,fetch_results,14.860382
64,1000,1,cleanup,3.282247
64,1000,2,connect_clients,10.672689
64,1000,2,provision_clients,0.957461
64,1000,2,reset_clients,2.851965
64,1000,2,distribute_credentials,2.599053
64,1000,2,distribute_data,7.715767
64,1000,2,install_package,8.036718
64,1000,2,start_featurecloud_controllers,8.174681
64,1000,2,create_and_join_project,57.937847
64,1000,2,contribute_data_to_project,127.297074
64,1000,2,monitor_project_run,24.091328
64,1000,2,post_run_settle_sleep,5.000141
64,1000,2,fetch_results,15.18085
64,1000,2,cleanup,2.678562
64,1000,3,connect_clients,10.802686
64,1000,3,provision_clients,0.941458
64,1000,3,reset_clients,2.129059
64,1000,3,distribute_credentials,2.616921
64,1000,3,distribute_data,7.503034
64,1000,3,install_package,7.286502
64,1000,3,start_featurecloud_controllers,8.315544
64,1000,3,create_and_join_project,59.901122
64,1000,3,contribute_data_to_project,126.603432
64,1000,3,monitor_project_run,23.789251
64,1000,3,post_run_settle_sleep,5.000184
64,1000,3,fetch_results,15.257128
64,1000,3,cleanup,5.169442
64,1000,4,connect_clients,10.521223
64,1000,4,provision_clients,0.912023
64,1000,4,reset_clients,2.106764
64,1000,4,distribute_credentials,2.620771
64,1000,4,distribute_data,8.15557
64,1000,4,install_package,7.954805
64,1000,4,start_featurecloud_controllers,8.131585
64,1000,4,create_and_join_project,58.778961
64,1000,4,contribute_data_to_project,129.928812
64,1000,4,monitor_project_run,23.4654
64,1000,4,post_run_settle_sleep,5.000117
64,1000,4,fetch_results,15.115953
64,1000,4,cleanup,2.693835
64,10000,0,connect_clients,10.36806
64,10000,0,provision_clients,0.927841
64,10000,0,reset_clients,3.012186
64,10000,0,distribute_credentials,2.428411
64,10000,0,distribute_data,9.003226
64,10000,0,install_package,8.213787
64,10000,0,start_featurecloud_controllers,8.076367
64,10000,0,create_and_join_project,57.55696
64,10000,0,contribute_data_to_project,121.379009
64,10000,0,monitor_project_run,23.196344
64,10000,0,post_run_settle_sleep,5.000186
64,10000,0,fetch_results,15.201704
64,10000,0,cleanup,5.050101
64,10000,1,connect_clients,11.222022
64,10000,1,provision_clients,0.934829
64,10000,1,reset_clients,3.147109
64,10000,1,distribute_credentials,2.415756
64,10000,1,distribute_data,9.145234
64,10000,1,install_package,11.908416
64,10000,1,start_featurecloud_controllers,16.908306
64,10000,1,create_and_join_project,58.0922
64,10000,1,contribute_data_to_project,115.530325
64,10000,1,monitor_project_run,23.933093
64,10000,1,post_run_settle_sleep,5.000133
64,10000,1,fetch_results,15.676992
64,10000,1,cleanup,5.659121
64,10000,2,connect_clients,10.514304
64,10000,2,provision_clients,0.922904
64,10000,2,reset_clients,2.841208
64,10000,2,distribute_credentials,2.475396
64,10000,2,distribute_data,8.653786
64,10000,2,install_package,8.231326
64,10000,2,start_featurecloud_controllers,9.669733
64,10000,2,create_and_join_project,57.566531
64,10000,2,contribute_data_to_project,120.772014
64,10000,2,monitor_project_run,23.357933
64,10000,2,post_run_settle_sleep,5.000112
64,10000,2,fetch_results,15.344306
64,10000,2,cleanup,5.457727
64,10000,3,connect_clients,10.412425
64,10000,3,provision_clients,0.929642
64,10000,3,reset_clients,2.591735
64,10000,3,distribute_credentials,2.604811
64,10000,3,distribute_data,9.958742
64,10000,3,install_package,8.198205
64,10000,3,start_featurecloud_controllers,9.291333
64,10000,3,create_and_join_project,57.27033
64,10000,3,contribute_data_to_project,124.477594
64,10000,3,monitor_project_run,23.839628
64,10000,3,post_run_settle_sleep,5.000099
64,10000,3,fetch_results,15.319741
64,10000,3,cleanup,5.137479
64,10000,4,connect_clients,10.201843
64,10000,4,provision_clients,0.890522
64,10000,4,reset_clients,2.768822
64,10000,4,distribute_credentials,2.385886
64,10000,4,distribute_data,8.614313
64,10000,4,install_package,8.157273
64,10000,4,start_featurecloud_controllers,9.98904
64,10000,4,create_and_join_project,58.872765
64,10000,4,contribute_data_to_project,122.107248
64,10000,4,monitor_project_run,23.452637
64,10000,4,post_run_settle_sleep,5.000197
64,10000,4,fetch_results,14.836993
64,10000,4,cleanup,2.69878
8,10,0,connect_clients,2.36033
8,10,0,provision_clients,0.213661
8,10,0,reset_clients,0.631619
8,10,0,distribute_credentials,0.319414
8,10,0,distribute_data,0.975318
8,10,0,install_package,5.050897
8,10,0,start_featurecloud_controllers,5.484233
8,10,0,create_and_join_project,15.620704
8,10,0,contribute_data_to_project,20.356098
8,10,0,monitor_project_run,24.247234
8,10,0,post_run_settle_sleep,5.000096
8,10,0,fetch_results,1.920216
8,10,0,cleanup,2.136792
8,10,1,connect_clients,4.103133
8,10,1,provision_clients,0.2315
8,10,1,reset_clients,3.843299
8,10,1,distribute_credentials,0.280051
8,10,1,distribute_data,0.90274
8,10,1,install_package,10.007484
8,10,1,start_featurecloud_controllers,11.922345
8,10,1,create_and_join_project,21.439448
8,10,1,contribute_data_to_project,18.316619
8,10,1,monitor_project_run,28.572091
8,10,1,post_run_settle_sleep,5.000096
8,10,1,fetch_results,2.00064
8,10,1,cleanup,4.64115
8,10,2,connect_clients,2.946268
8,10,2,provision_clients,0.268971
8,10,2,reset_clients,1.491961
8,10,2,distribute_credentials,0.335297
8,10,2,distribute_data,0.910755
8,10,2,install_package,10.322064
8,10,2,start_featurecloud_controllers,13.248508
8,10,2,create_and_join_project,14.802566
8,10,2,contribute_data_to_project,19.547258
8,10,2,monitor_project_run,28.343332
8,10,2,post_run_settle_sleep,5.000187
8,10,2,fetch_results,2.4451
8,10,2,cleanup,6.16816
8,10,3,connect_clients,2.522503
8,10,3,provision_clients,0.23746
8,10,3,reset_clients,0.628199
8,10,3,distribute_credentials,0.297305
8,10,3,distribute_data,0.945193
8,10,3,install_package,5.218193
8,10,3,start_featurecloud_controllers,6.155861
8,10,3,create_and_join_project,14.200646
8,10,3,contribute_data_to_project,17.455776
8,10,3,monitor_project_run,28.357553
8,10,3,post_run_settle_sleep,5.000182
8,10,3,fetch_results,1.829499
8,10,3,cleanup,2.044814
8,10,4,connect_clients,2.998845
8,10,4,provision_clients,0.227282
8,10,4,reset_clients,0.594706
8,10,4,distribute_credentials,0.322914
8,10,4,distribute_data,0.903002
8,10,4,install_package,6.727843
8,10,4,start_featurecloud_controllers,5.797277
8,10,4,create_and_join_project,13.067108
8,10,4,contribute_data_to_project,18.616104
8,10,4,monitor_project_run,28.234
8,10,4,post_run_settle_sleep,5.000184
8,10,4,fetch_results,1.828363
8,10,4,cleanup,2.278662
8,100,0,connect_clients,2.252858
8,100,0,provision_clients,0.220059
8,100,0,reset_clients,0.610169
8,100,0,distribute_credentials,0.348265
8,100,0,distribute_data,0.91771
8,100,0,install_package,6.62083
8,100,0,start_featurecloud_controllers,6.412042
8,100,0,create_and_join_project,12.901686
8,100,0,contribute_data_to_project,18.760447
8,100,0,monitor_project_run,23.248336
8,100,0,post_run_settle_sleep,5.000145
8,100,0,fetch_results,1.825267
8,100,0,cleanup,2.125306
8,100,1,connect_clients,2.06061
8,100,1,provision_clients,0.214035
8,100,1,reset_clients,0.66974
8,100,1,distribute_credentials,0.318775
8,100,1,distribute_data,0.926814
8,100,1,install_package,5.148572
8,100,1,start_featurecloud_controllers,6.353041
8,100,1,create_and_join_project,15.21466
8,100,1,contribute_data_to_project,22.590742
8,100,1,monitor_project_run,28.536411
8,100,1,post_run_settle_sleep,5.000104
8,100,1,fetch_results,1.822883
8,100,1,cleanup,2.130898
8,100,2,connect_clients,2.306108
8,100,2,provision_clients,0.210983
8,100,2,reset_clients,0.605112
8,100,2,distribute_credentials,0.371172
8,100,2,distribute_data,0.975721
8,100,2,install_package,5.44993
8,100,2,start_featurecloud_controllers,5.737661
8,100,2,create_and_join_project,15.949466
8,100,2,contribute_data_to_project,21.286846
8,100,2,monitor_project_run,23.895725
8,100,2,post_run_settle_sleep,5.000171
8,100,2,fetch_results,1.873153
8,100,2,cleanup,2.616476
8,100,3,connect_clients,3.888411
8,100,3,provision_clients,0.258408
8,100,3,reset_clients,1.390231
8,100,3,distribute_credentials,0.331435
8,100,3,distribute_data,0.906903
8,100,3,install_package,6.60625
8,100,3,start_featurecloud_controllers,5.821749
8,100,3,create_and_join_project,14.36484
8,100,3,contribute_data_to_project,19.397553
8,100,3,monitor_project_run,28.536105
8,100,3,post_run_settle_sleep,5.000076
8,100,3,fetch_results,1.824925
8,100,3,cleanup,2.096502
8,100,4,connect_clients,2.293811
8,100,4,provision_clients,0.216047
8,100,4,reset_clients,0.600154
8,100,4,distribute_credentials,0.348272
8,100,4,distribute_data,0.909772
8,100,4,install_package,5.209845
8,100,4,start_featurecloud_controllers,6.2329
8,100,4,create_and_join_project,15.204102
8,100,4,contribute_data_to_project,17.924985
8,100,4,monitor_project_run,23.299003
8,100,4,post_run_settle_sleep,5.00011
8,100,4,fetch_results,1.882393
8,100,4,cleanup,4.359118
8,1000,0,connect_clients,2.642575
8,1000,0,provision_clients,0.231805
8,1000,0,reset_clients,0.671573
8,1000,0,distribute_credentials,0.305096
8,1000,0,distribute_data,0.873835
8,1000,0,install_package,6.409752
8,1000,0,start_featurecloud_controllers,5.996656
8,1000,0,create_and_join_project,13.482194
8,1000,0,contribute_data_to_project,19.456851
8,1000,0,monitor_project_run,28.030147
8,1000,0,post_run_settle_sleep,5.000103
8,1000,0,fetch_results,1.781223
8,1000,0,cleanup,1.983448
8,1000,1,connect_clients,2.665227
8,1000,1,provision_clients,0.213227
8,1000,1,reset_clients,0.619569
8,1000,1,distribute_credentials,0.321686
8,1000,1,distribute_data,0.8891
8,1000,1,install_package,5.384175
8,1000,1,start_featurecloud_controllers,6.160758
8,1000,1,create_and_join_project,13.977152
8,1000,1,contribute_data_to_project,17.717204
8,1000,1,monitor_project_run,23.791176
8,1000,1,post_run_settle_sleep,5.000112
8,1000,1,fetch_results,1.815649
8,1000,1,cleanup,2.031787
8,1000,2,connect_clients,2.505369
8,1000,2,provision_clients,0.211591
8,1000,2,reset_clients,11.11844
8,1000,2,distribute_credentials,0.32301
8,1000,2,distribute_data,0.903735
8,1000,2,install_package,5.601311
8,1000,2,start_featurecloud_controllers,6.059674
8,1000,2,create_and_join_project,13.672767
8,1000,2,contribute_data_to_project,20.742101
8,1000,2,monitor_project_run,23.554417
8,1000,2,post_run_settle_sleep,5.000103
8,1000,2,fetch_results,1.970954
8,1000,2,cleanup,2.055351
8,1000,3,connect_clients,2.746604
8,1000,3,provision_clients,0.21458
8,1000,3,reset_clients,0.670482
8,1000,3,distribute_credentials,0.322085
8,1000,3,distribute_data,0.901242
8,1000,3,install_package,5.648872
8,1000,3,start_featurecloud_controllers,5.80597
8,1000,3,create_and_join_project,13.79634
8,1000,3,contribute_data_to_project,18.661478
8,1000,3,monitor_project_run,28.43376
8,1000,3,post_run_settle_sleep,5.000193
8,1000,3,fetch_results,1.84469
8,1000,3,cleanup,2.21495
8,1000,4,connect_clients,2.76853
8,1000,4,provision_clients,0.221857
8,1000,4,reset_clients,0.638238
8,1000,4,distribute_credentials,0.33086
8,1000,4,distribute_data,0.906736
8,1000,4,install_package,5.855407
8,1000,4,start_featurecloud_controllers,5.558125
8,1000,4,create_and_join_project,13.018174
8,1000,4,contribute_data_to_project,18.481776
8,1000,4,monitor_project_run,28.574274
8,1000,4,post_run_settle_sleep,5.00018
8,1000,4,fetch_results,1.842669
8,1000,4,cleanup,2.081365
8,10000,0,connect_clients,2.359279
8,10000,0,provision_clients,0.214143
8,10000,0,reset_clients,0.634707
8,10000,0,distribute_credentials,0.36653
8,10000,0,distribute_data,1.075074
8,10000,0,install_package,4.945986
8,10000,0,start_featurecloud_controllers,5.783865
8,10000,0,create_and_join_project,14.332639
8,10000,0,contribute_data_to_project,17.80751
8,10000,0,monitor_project_run,29.226517
8,10000,0,post_run_settle_sleep,5.000108
8,10000,0,fetch_results,1.868085
8,10000,0,cleanup,2.077434
8,10000,1,connect_clients,2.587603
8,10000,1,provision_clients,0.221916
8,10000,1,reset_clients,0.62122
8,10000,1,distribute_credentials,0.313238
8,10000,1,distribute_data,1.062799
8,10000,1,install_package,5.029309
8,10000,1,start_featurecloud_controllers,6.403706
8,10000,1,create_and_join_project,13.448112
8,10000,1,contribute_data_to_project,17.598753
8,10000,1,monitor_project_run,28.588759
8,10000,1,post_run_settle_sleep,5.000195
8,10000,1,fetch_results,1.842584
8,10000,1,cleanup,2.072702
8,10000,2,connect_clients,3.264188
8,10000,2,provision_clients,0.22833
8,10000,2,reset_clients,11.212045
8,10000,2,distribute_credentials,0.312539
8,10000,2,distribute_data,1.068982
8,10000,2,install_package,5.195931
8,10000,2,start_featurecloud_controllers,6.013847
8,10000,2,create_and_join_project,13.779115
8,10000,2,contribute_data_to_project,17.596738
8,10000,2,monitor_project_run,28.481319
8,10000,2,post_run_settle_sleep,5.000081
8,10000,2,fetch_results,1.806529
8,10000,2,cleanup,2.031504
8,10000,3,connect_clients,2.346545
8,10000,3,provision_clients,0.222292
8,10000,3,reset_clients,0.683406
8,10000,3,distribute_credentials,0.340788
8,10000,3,distribute_data,1.048943
8,10000,3,install_package,4.953179
8,10000,3,start_featurecloud_controllers,6.036673
8,10000,3,create_and_join_project,13.456042
8,10000,3,contribute_data_to_project,17.941706
8,10000,3,monitor_project_run,28.577736
8,10000,3,post_run_settle_sleep,5.000187
8,10000,3,fetch_results,1.80704
8,10000,3,cleanup,2.031774
8,10000,4,connect_clients,2.623018
8,10000,4,provision_clients,0.229001
8,10000,4,reset_clients,0.637933
8,10000,4,distribute_credentials,0.330586
8,10000,4,distribute_data,1.063173
8,10000,4,install_package,4.910647
8,10000,4,start_featurecloud_controllers,5.579344
8,10000,4,create_and_join_project,14.828675
8,10000,4,contribute_data_to_project,19.282628
8,10000,4,monitor_project_run,28.144793
8,10000,4,post_run_settle_sleep,5.000142
8,10000,4,fetch_results,1.845974
8,10000,4,cleanup,2.11703
